{"content":[{"id":"5a872355","settings":{"flex_direction":"row","flex_gap":{"unit":"custom","size":30,"column":"30","row":"0"},"boxed_width":{"unit":"px","size":1070,"sizes":[]},"min_height":{"unit":"px","size":827,"sizes":[]},"min_height_tablet":{"unit":"em","size":"","sizes":[]},"min_height_mobile":{"unit":"em","size":"","sizes":[]},"flex_gap_tablet":{"column":"","row":"","isLinked":true,"unit":"custom","size":null},"flex_gap_mobile":{"column":"","row":"","isLinked":true,"unit":"custom","size":null},"background_background":"classic","background_color":"#C29256","background_image":{"url":"https:\/\/dev-mbombesite.pantheonsite.io\/wp-content\/uploads\/2024\/05\/Afro-Business-Lady-Smiling-At-Camera-Sitting-At-Laptop.jpeg","id":32,"size":"","alt":"","source":"library"},"background_size":"cover","background_overlay_background":"gradient","background_overlay_color":"#020201","background_position":"center center","background_overlay_color_stop":{"unit":"%","size":85,"sizes":[]},"background_overlay_color_b":"#979596","background_overlay_gradient_angle":{"unit":"deg","size":280,"sizes":[]},"background_overlay_opacity":{"unit":"px","size":0.56,"sizes":[]},"content_width":"full","width":{"unit":"%","size":99.901},"_flex_size":"none","_element_width":"initial"},"elements":[{"id":"27bed5e6","settings":{"flex_direction":"column","content_width":"full","width":{"unit":"%","size":"50"}},"elements":[],"isInner":true,"elType":"container"},{"id":"7cc9485f","settings":{"flex_direction":"column","content_width":"full","width":{"unit":"%","size":"50"},"margin":{"unit":"px","top":"200","right":"0","bottom":"0","left":"0200","isLinked":false},"padding":{"unit":"px","top":"0","right":"0","bottom":"0","left":"0","isLinked":false}},"elements":[{"id":"bb9ee68","settings":{"title":"Marie Lapage","header_size":"h1","title_color":"#F8F8F8","typography_typography":"custom","typography_font_family":"Work Sans","typography_font_size":{"unit":"px","size":22,"sizes":[]},"typography_font_weight":"500","typography_text_transform":"uppercase","typography_line_height":{"unit":"px","size":23,"sizes":[]},"typography_word_spacing":{"unit":"px","size":9,"sizes":[]},"typography_letter_spacing":{"unit":"px","size":5.8,"sizes":[]},"align_mobile":"center","typography_font_size_mobile":{"unit":"px","size":15,"sizes":[]},"_margin_mobile":{"unit":"px","top":"0","right":"20","bottom":"0","left":"0","isLinked":false}},"elements":[],"isInner":false,"widgetType":"heading","elType":"widget"},{"id":"114f4a56","settings":{"title":"Boostez Votre<br>Strategie Digital<br>Avec mes conseils ","header_size":"h1","align":"left","title_color":"#FFFFFF","typography_typography":"custom","typography_font_family":"Work Sans","typography_font_size":{"unit":"px","size":50,"sizes":[]},"typography_font_weight":"700","_padding":{"unit":"px","top":"0","right":"0","bottom":"0","left":"015","isLinked":false},"_border_border":"solid","_border_width":{"unit":"px","top":"0","right":"0","bottom":"0","left":"04","isLinked":false},"_border_color":"#FFC700","align_tablet":"left","align_mobile":"left","typography_font_size_tablet":{"unit":"px","size":26,"sizes":[]},"typography_font_size_mobile":{"unit":"px","size":13,"sizes":[]}},"elements":[],"isInner":false,"widgetType":"heading","elType":"widget"},{"id":"6f3817ab","settings":{"text":"Mes services","typography_typography":"custom","typography_font_family":"Roboto","typography_font_size":{"unit":"px","size":18,"sizes":[]},"typography_font_weight":"400","button_text_color":"#020101","background_color":"#FFC700","_element_width":"inherit","_flex_align_self":"stretch","hover_color":"#FFFFFF","border_radius":{"unit":"px","top":"30","right":"30","bottom":"30","left":"30","isLinked":true},"text_padding":{"unit":"px","top":"15","right":"20","bottom":"15","left":"20","isLinked":false},"align_mobile":"center","typography_font_size_mobile":{"unit":"px","size":15,"sizes":[]},"text_padding_mobile":{"unit":"px","top":"12","right":"12","bottom":"12","left":"12","isLinked":true},"_margin_tablet":{"unit":"px","top":"0","right":"0","bottom":"0","left":"020","isLinked":false},"_margin_mobile":{"unit":"px","top":"0","right":"0","bottom":"0","left":"0","isLinked":false},"_padding_mobile":{"unit":"px","top":"0","right":"0","bottom":"0","left":"3","isLinked":false}},"elements":[],"isInner":false,"widgetType":"button","elType":"widget"},{"id":"6ea1abf0","settings":{"text":"Mes services","selected_icon":{"value":"fab fa-youtube","library":"fa-brands"},"typography_typography":"custom","typography_font_family":"Roboto","typography_font_size":{"unit":"px","size":18,"sizes":[]},"typography_font_weight":"400","button_text_color":"#FFC700","background_color":"#FFC7000A","_element_width":"auto","_flex_align_self":"stretch","icon_align":"right","icon_indent":{"unit":"px","size":9,"sizes":[]},"typography_font_size_mobile":{"unit":"px","size":12,"sizes":[]},"_margin_tablet":{"unit":"px","top":"0","right":"0","bottom":"0","left":"13","isLinked":false},"_margin_mobile":{"unit":"px","top":"-9","right":"-9","bottom":"-9","left":"-9","isLinked":true}},"elements":[],"isInner":false,"widgetType":"button","elType":"widget"}],"isInner":true,"elType":"container"}],"isInner":false,"elType":"container"},{"id":"1908a028","settings":{"flex_direction":"row","flex_gap":{"unit":"px","size":0,"column":"0","row":"0"},"margin":{"unit":"px","top":"100","right":"0","bottom":"0","left":"0","isLinked":false},"margin_tablet":{"unit":"px","top":"60","right":"0","bottom":"0","left":"0","isLinked":false},"margin_mobile":{"unit":"px","top":"060","right":"0","bottom":"0","left":"0","isLinked":false}},"elements":[{"id":"2aa91441","settings":{"flex_direction":"column","content_width":"full","width":{"unit":"%","size":"50"},"margin_tablet":{"unit":"px","top":"0","right":"0","bottom":"0","left":"24","isLinked":false}},"elements":[{"id":"602a4e6a","settings":{"title":"CREATION DE SITEs","header_size":"h1","title_color":"#FFC700","typography_typography":"custom","typography_font_family":"Work Sans","typography_font_size":{"unit":"px","size":22,"sizes":[]},"typography_font_weight":"600","typography_text_transform":"uppercase","typography_line_height":{"unit":"px","size":23,"sizes":[]},"typography_word_spacing":{"unit":"px","size":4,"sizes":[]},"typography_font_size_tablet":{"unit":"px","size":18,"sizes":[]}},"elements":[],"isInner":false,"widgetType":"heading","elType":"widget"},{"id":"37f4b5a4","settings":{"title":"Je vous aide a creer rapidement un site a disign unique","align":"left","title_color":"#323232","typography_typography":"custom","typography_font_family":"Work Sans","typography_font_size":{"unit":"px","size":40,"sizes":[]},"typography_font_weight":"700","typography_font_size_tablet":{"unit":"px","size":21,"sizes":[]}},"elements":[],"isInner":false,"widgetType":"heading","elType":"widget"},{"id":"8a425fa","settings":{"width":{"unit":"%","size":21,"sizes":[]},"text":"S\u00e9parateur","color":"#FFC700","weight":{"unit":"px","size":3,"sizes":[]},"_padding":{"unit":"px","top":"0","right":"0","bottom":"0","left":"0","isLinked":false},"_margin_tablet":{"unit":"px","top":"-23","right":"0","bottom":"0","left":"0","isLinked":false}},"elements":[],"isInner":false,"widgetType":"divider","elType":"widget"},{"id":"5297e80a","settings":{"editor":"<p>&lt;Vous etes execelent dans votre domaine,vous maitrisez votre sujet,vous vous souciez de vos clients et vous voulez developper votre entreprise.Mais votre site web ! et bien raconte une autre histoire,n'est ce pas?&gt; Changeons cela ensemble<\/p>","text_color":"#323232","typography_typography":"custom","typography_font_family":"Roboto","typography_font_weight":"400"},"elements":[],"isInner":false,"widgetType":"text-editor","elType":"widget"},{"id":"146126","settings":{"icon_list":[{"text":"Disign qui reflete votre identite","_id":"ae2ecd4"},{"_id":"315f426","text":"Experience utilisateur bien pensee"},{"text":"Site pensee pour obtenir des clients","_id":"74cfbba"}],"__globals__":{"icon_color":"globals\/colors?id=211dfde"}},"elements":[],"isInner":false,"widgetType":"icon-list","elType":"widget"},{"id":"18ce6ded","settings":{"text":"Mes services","typography_typography":"custom","typography_font_family":"Roboto","typography_font_size":{"unit":"px","size":18,"sizes":[]},"typography_font_weight":"400","button_text_color":"#020101","background_color":"#FFC700","_element_width":"inherit","_flex_align_self":"stretch","hover_color":"#FFFFFF","border_radius":{"unit":"px","top":"30","right":"30","bottom":"30","left":"30","isLinked":true},"text_padding":{"unit":"px","top":"15","right":"20","bottom":"15","left":"20","isLinked":false},"border_radius_mobile":{"unit":"px","top":"020","right":"020","bottom":"020","left":"020","isLinked":true},"text_padding_mobile":{"unit":"px","top":"012","right":"012","bottom":"012","left":"012","isLinked":true}},"elements":[],"isInner":false,"widgetType":"button","elType":"widget"}],"isInner":true,"elType":"container"},{"id":"788d1b3e","settings":{"flex_direction":"column","content_width":"full","width":{"unit":"%","size":"50"}},"elements":[{"id":"5eb1ebc7","settings":{"image":{"url":"https:\/\/dev-mbombesite.pantheonsite.io\/wp-content\/uploads\/2024\/05\/Belle-Femme-Blonde-Portant-Des-Vetements-Decontractes-Et-Souriant-a-La-Camera-Tenant-Un-Ordinateur-_-Photo-Premium.jpeg","id":180,"size":"","alt":"","source":"library"},"width":{"unit":"%","size":100,"sizes":[]},"space":{"unit":"%","size":100,"sizes":[]},"height":{"unit":"px","size":500,"sizes":[]},"_margin":{"unit":"px","top":"0","right":"0","bottom":"0","left":"0","isLinked":false},"height_tablet":{"unit":"px","size":500,"sizes":[]}},"elements":[],"isInner":false,"widgetType":"image","elType":"widget"}],"isInner":true,"elType":"container"}],"isInner":false,"elType":"container"},{"id":"5d262684","settings":{"flex_direction":"row","flex_gap":{"unit":"px","size":0,"column":"0","row":"0"},"min_height":{"unit":"px","size":259,"sizes":[]},"background_background":"classic","background_image":{"url":"https:\/\/dev-mbombesite.pantheonsite.io\/wp-content\/uploads\/2024\/05\/Unleashing-the-Power-of-Data-Analysis-Services-for-Researchers.jpeg","id":46,"size":"","alt":"","source":"library"},"background_position":"bottom right","background_size":"cover","background_overlay_background":"gradient","background_overlay_color":"#B34503","background_overlay_color_b":"#271102","background_overlay_gradient_angle":{"unit":"deg","size":231,"sizes":[]},"background_overlay_opacity":{"unit":"px","size":0.67,"sizes":[]},"margin":{"unit":"px","top":"100","right":"0","bottom":"0","left":"0","isLinked":false},"padding":{"unit":"px","top":"72","right":"0","bottom":"0","left":"0","isLinked":false},"margin_tablet":{"unit":"px","top":"060","right":"010","bottom":"0","left":"010","isLinked":false}},"elements":[{"id":"7b9aa739","settings":{"flex_direction":"column","content_width":"full","width":{"unit":"%","size":"25"}},"elements":[{"id":"4ea30aa7","settings":{"ending_number":48,"prefix":"+","suffix":"%","title":"Croissance","number_color":"#FFC700","typography_number_typography":"custom","typography_number_font_family":"Roboto","typography_number_font_size":{"unit":"px","size":40,"sizes":[]},"typography_number_font_weight":"600","title_color":"#F2F5F8","typography_title_typography":"custom","typography_title_font_family":"Work Sans","typography_title_font_size":{"unit":"px","size":24,"sizes":[]},"typography_title_font_weight":"500","typography_title_text_transform":"uppercase","typography_title_word_spacing":{"unit":"px","size":0,"sizes":[]},"_margin":{"unit":"px","top":"0","right":"0","bottom":"0","left":"0","isLinked":true},"_padding":{"unit":"px","top":"0","right":"0","bottom":"0","left":"0","isLinked":false},"counter-title":"Croissance","typography_title_font_size_tablet":{"unit":"px","size":15,"sizes":[]}},"elements":[],"isInner":false,"widgetType":"counter","elType":"widget"}],"isInner":true,"elType":"container"},{"id":"7e0b5dc4","settings":{"flex_direction":"column","content_width":"full","width":{"unit":"%","size":"25"}},"elements":[{"id":"75035fbb","settings":{"ending_number":27,"prefix":"+","suffix":"%","title":"Clients","number_color":"#FFC700","typography_number_typography":"custom","typography_number_font_family":"Roboto","typography_number_font_size":{"unit":"px","size":40,"sizes":[]},"typography_number_font_weight":"600","title_color":"#F2F5F8","typography_title_typography":"custom","typography_title_font_family":"Work Sans","typography_title_font_size":{"unit":"px","size":24,"sizes":[]},"typography_title_font_weight":"500","typography_title_text_transform":"uppercase","typography_title_word_spacing":{"unit":"px","size":0,"sizes":[]},"counter-title":"Clients","typography_title_font_size_tablet":{"unit":"px","size":15,"sizes":[]}},"elements":[],"isInner":false,"widgetType":"counter","elType":"widget"}],"isInner":true,"elType":"container"},{"id":"16211c2","settings":{"flex_direction":"column","content_width":"full","width":{"unit":"%","size":"25"}},"elements":[{"id":"1a20561d","settings":{"ending_number":77,"prefix":"+","suffix":"%","title":"Partenaires","number_color":"#FFC700","typography_number_typography":"custom","typography_number_font_family":"Roboto","typography_number_font_size":{"unit":"px","size":40,"sizes":[]},"typography_number_font_weight":"600","title_color":"#F2F5F8","typography_title_typography":"custom","typography_title_font_family":"Work Sans","typography_title_font_size":{"unit":"px","size":24,"sizes":[]},"typography_title_font_weight":"500","typography_title_text_transform":"uppercase","typography_title_word_spacing":{"unit":"px","size":0,"sizes":[]},"counter-title":"Partenaires","typography_title_font_size_tablet":{"unit":"px","size":15,"sizes":[]}},"elements":[],"isInner":false,"widgetType":"counter","elType":"widget"}],"isInner":true,"elType":"container"},{"id":"16ef1367","settings":{"flex_direction":"column","content_width":"full","width":{"unit":"%","size":"25"}},"elements":[{"id":"7b09e377","settings":{"ending_number":99,"prefix":"+","suffix":"%","title":"Client satisfaits","number_color":"#FFC700","typography_number_typography":"custom","typography_number_font_family":"Roboto","typography_number_font_size":{"unit":"px","size":40,"sizes":[]},"typography_number_font_weight":"600","title_color":"#F2F5F8","typography_title_typography":"custom","typography_title_font_family":"Work Sans","typography_title_font_size":{"unit":"px","size":24,"sizes":[]},"typography_title_font_weight":"500","typography_title_text_transform":"uppercase","typography_title_word_spacing":{"unit":"px","size":0,"sizes":[]},"_margin":{"unit":"px","top":"0","right":"0","bottom":"0","left":"0","isLinked":false},"counter-title":"Clients satisfaits","typography_title_font_size_tablet":{"unit":"px","size":15,"sizes":[]}},"elements":[],"isInner":false,"widgetType":"counter","elType":"widget"}],"isInner":true,"elType":"container"}],"isInner":false,"elType":"container"},{"id":"7e80670","settings":{"container_type":"grid","grid_columns_grid":{"unit":"fr","size":"3"},"grid_rows_grid":{"unit":"fr","size":"1"},"grid_rows_grid_mobile":{"unit":"fr","size":"1"},"margin":{"unit":"px","top":"0100","right":"0","bottom":"0","left":"0","isLinked":false},"boxed_width_tablet":{"unit":"px","size":1186,"sizes":[]},"min_height_tablet":{"unit":"px","size":0,"sizes":[]},"grid_outline":"","grid_columns_grid_tablet":{"unit":"fr","size":3,"sizes":[]},"grid_auto_flow_tablet":"column","grid_justify_items_tablet":"start","grid_align_items_tablet":"end","margin_tablet":{"unit":"px","top":"60","right":"0","bottom":"0","left":"-1","isLinked":false},"margin_mobile":{"unit":"px","top":"060","right":"95","bottom":"0","left":"12","isLinked":false},"padding_tablet":{"unit":"px","top":"-44","right":"-44","bottom":"-44","left":"-44","isLinked":true},"padding_mobile":{"unit":"px","top":"39","right":"39","bottom":"39","left":"39","isLinked":true}},"elements":[{"id":"77622052","settings":{"selected_icon":{"value":"fas fa-laptop-code","library":"fa-solid"},"title_text":"Webdisign","description_text":"Lorem ipsum dolor sit amet, consectetur adipiscing elit. Ut elit tellus, luctus nec ullamcorper mattis, pulvinar dapibus leo.<br>Lorem ipsum dolor sit amet, consectetur adipiscing elit. Ut elit tellus, luctus nec ullamcorper mattis, pulvinar dapibus leo.","text_align":"left","primary_color":"#FFC700","title_color":"#323232","title_typography_typography":"custom","title_typography_font_family":"Work Sans","title_typography_font_size":{"unit":"px","size":30,"sizes":[]},"title_typography_font_weight":"700","description_typography_typography":"custom","description_typography_font_family":"Roboto","description_typography_font_size":{"unit":"px","size":16,"sizes":[]},"description_typography_font_weight":"400","_margin":{"unit":"px","top":"0","right":"015","bottom":"0","left":"0","isLinked":false},"_padding":{"unit":"px","top":"30","right":"30","bottom":"30","left":"30","isLinked":true},"_border_border":"solid","_border_width":{"unit":"px","top":"1","right":"1","bottom":"1","left":"1","isLinked":true},"_border_color":"#CDCBCB","_border_radius":{"unit":"px","top":"30","right":"30","bottom":"30","left":"30","isLinked":true},"text_align_tablet":"left","icon_size_tablet":{"unit":"px","size":20,"sizes":[]},"title_typography_font_size_tablet":{"unit":"px","size":18,"sizes":[]},"description_typography_font_size_tablet":{"unit":"px","size":13,"sizes":[]},"_margin_tablet":{"unit":"px","top":"7","right":"7","bottom":"7","left":"13","isLinked":false},"_padding_tablet":{"unit":"px","top":"13","right":"13","bottom":"13","left":"13","isLinked":true}},"elements":[],"isInner":false,"widgetType":"icon-box","elType":"widget"},{"id":"f44ea1e","settings":{"selected_icon":{"value":"fas fa-palette","library":"fa-solid"},"title_text":"Graphisme","description_text":"Lorem ipsum dolor sit amet, consectetur adipiscing elit. Ut elit tellus, luctus nec ullamcorper mattis, pulvinar dapibus leo.<br>Lorem ipsum dolor sit amet, consectetur adipiscing elit. Ut elit tellus, luctus nec ullamcorper mattis, pulvinar dapibus leo.","text_align":"left","primary_color":"#FFC700","title_color":"#323232","title_typography_typography":"custom","title_typography_font_family":"Work Sans","title_typography_font_size":{"unit":"px","size":30,"sizes":[]},"title_typography_font_weight":"700","description_typography_typography":"custom","description_typography_font_family":"Roboto","description_typography_font_size":{"unit":"px","size":16,"sizes":[]},"description_typography_font_weight":"400","_margin":{"unit":"px","top":"0","right":"010","bottom":"0","left":"01","isLinked":false},"_padding":{"unit":"px","top":"30","right":"30","bottom":"30","left":"30","isLinked":true},"_border_border":"solid","_border_width":{"unit":"px","top":"1","right":"1","bottom":"1","left":"1","isLinked":true},"_border_color":"#CDCBCB","_border_radius":{"unit":"px","top":"30","right":"30","bottom":"30","left":"30","isLinked":true},"icon_size_tablet":{"unit":"px","size":20,"sizes":[]},"title_typography_font_size_tablet":{"unit":"px","size":15,"sizes":[]},"description_typography_font_size_tablet":{"unit":"px","size":13,"sizes":[]},"_margin_tablet":{"unit":"px","top":"7","right":"7","bottom":"7","left":"13","isLinked":false},"_padding_tablet":{"unit":"px","top":"013","right":"013","bottom":"013","left":"013","isLinked":true}},"elements":[],"isInner":false,"widgetType":"icon-box","elType":"widget"},{"id":"74cde004","settings":{"selected_icon":{"value":"fas fa-graduation-cap","library":"fa-solid"},"title_text":"Formation","description_text":"Lorem ipsum dolor sit amet, consectetur adipiscing elit. Ut elit tellus, luctus nec ullamcorper mattis, pulvinar dapibus leo.<br>Lorem ipsum dolor sit amet, consectetur adipiscing elit. Ut elit tellus, luctus nec ullamcorper mattis, pulvinar dapibus leo.","text_align":"left","primary_color":"#FFC700","title_color":"#323232","title_typography_typography":"custom","title_typography_font_family":"Work Sans","title_typography_font_size":{"unit":"px","size":30,"sizes":[]},"title_typography_font_weight":"700","description_typography_typography":"custom","description_typography_font_family":"Roboto","description_typography_font_size":{"unit":"px","size":16,"sizes":[]},"description_typography_font_weight":"400","_margin":{"unit":"px","top":"0","right":"0","bottom":"0","left":"015","isLinked":false},"_padding":{"unit":"px","top":"30","right":"30","bottom":"30","left":"30","isLinked":true},"_border_border":"solid","_border_width":{"unit":"px","top":"1","right":"1","bottom":"1","left":"1","isLinked":true},"_border_color":"#CDCBCB","_border_radius":{"unit":"px","top":"30","right":"30","bottom":"30","left":"30","isLinked":true},"icon_size_tablet":{"unit":"px","size":20,"sizes":[]},"title_typography_font_size_tablet":{"unit":"px","size":18,"sizes":[]},"description_typography_font_size_tablet":{"unit":"px","size":13,"sizes":[]},"_margin_tablet":{"unit":"px","top":"7","right":"13","bottom":"7","left":"7","isLinked":false},"_padding_tablet":{"unit":"px","top":"10","right":"10","bottom":"10","left":"10","isLinked":true},"_element_width_tablet":"auto"},"elements":[],"isInner":false,"widgetType":"icon-box","elType":"widget"}],"isInner":false,"elType":"container"},{"id":"f3f2c65","settings":{"flex_direction":"column","width":{"unit":"%","size":73.32},"boxed_width":{"unit":"px","size":906,"sizes":[]},"min_height":{"unit":"px","size":170,"sizes":[]},"flex_justify_content":"center","background_background":"classic","background_image":{"url":"https:\/\/dev-mbombesite.pantheonsite.io\/wp-content\/uploads\/2024\/05\/Premium-Photo-_-A-woman-with-a-yellow-background-and-a-yellow-background.jpeg","id":30,"size":"","alt":"","source":"library"},"background_position":"center center","background_repeat":"no-repeat","background_size":"cover","background_overlay_background":"gradient","background_overlay_color":"#181515","background_overlay_color_b":"#381B20","background_overlay_gradient_angle":{"unit":"deg","size":253,"sizes":[]},"background_overlay_opacity":{"unit":"px","size":0.75,"sizes":[]},"border_radius":{"unit":"px","top":"50","right":"50","bottom":"50","left":"50","isLinked":true},"margin":{"unit":"px","top":"100","right":"00","bottom":"0","left":"212","isLinked":false},"padding":{"unit":"px","top":"47","right":"47","bottom":"47","left":"47","isLinked":true},"_flex_size":"none","_element_width":"initial","width_tablet":{"unit":"px","size":612,"sizes":[]},"width_mobile":{"unit":"px","size":580,"sizes":[]},"min_height_tablet":{"unit":"px","size":42,"sizes":[]},"min_height_mobile":{"unit":"px","size":0,"sizes":[]},"flex_direction_tablet":"row","flex_justify_content_tablet":"center","flex_wrap_tablet":"wrap","flex_align_content_tablet":"center","margin_tablet":{"unit":"px","top":"60","right":"0","bottom":"0","left":"78","isLinked":false},"margin_mobile":{"unit":"px","top":"0","right":"0","bottom":"0","left":"5","isLinked":false},"padding_tablet":{"unit":"px","top":"14","right":"14","bottom":"14","left":"14","isLinked":true},"padding_mobile":{"unit":"px","top":"-81","right":"-81","bottom":"-81","left":"-81","isLinked":true},"content_width":"full"},"elements":[{"id":"75c8c0d4","settings":{"selected_icon":{"value":"fas fa-quote-left","library":"fa-solid"},"view":"stacked","primary_color":"#FFC700","secondary_color":"#020101E0","size":{"unit":"px","size":35,"sizes":[]},"size_mobile":{"unit":"px","size":18,"sizes":[]},"_margin_mobile":{"unit":"px","top":"12","right":"0","bottom":"0","left":"0","isLinked":false}},"elements":[],"isInner":false,"widgetType":"icon","elType":"widget"},{"id":"463d18f3","settings":{"testimonial_content":"Lorem ipsum dolor sit amet, consectetur adipiscing elit. Ut elit tellus, luctus nec ullamcorper mattis, pulvinar dapibus leo.\norem ipsum dolor sit amet, consectetur adipiscing elit. Ut elit tellus, luctus nec ullamcorper mattis, pulvinar dapibus leo.\nLorem ipsum dolor sit amet, consectetur adipiscing elit. Ut elit tellus, luctus nec ullamcorper mattis, pulvinar dapibus leo.","testimonial_image":{"url":"https:\/\/dev-mbombesite.pantheonsite.io\/wp-content\/uploads\/2024\/05\/9d8ffae6a07e536a1732de459a7a6f82-by-darling12-on-DeviantArt.jpeg","id":55,"size":"","alt":"","source":"library"},"testimonial_name":"Marieme Ndiaye","testimonial_job":"Developeuse","testimonial_image_position":"top","content_content_color":"#FFFFFF","content_typography_typography":"custom","content_typography_font_family":"Roboto","content_typography_font_size":{"unit":"px","size":18,"sizes":[]},"content_typography_font_weight":"300","name_text_color":"#FFFFFF","name_typography_typography":"custom","name_typography_font_family":"Work Sans","name_typography_font_weight":"700","job_text_color":"#FFC700","job_typography_typography":"custom","job_typography_font_family":"Work Sans","job_typography_font_weight":"300","testimonial_alignment_mobile":"center","content_shadow_text_shadow_type":"yes"},"elements":[],"isInner":false,"widgetType":"testimonial","elType":"widget"}],"isInner":false,"elType":"container"},{"id":"433a39e2","settings":{"flex_direction":"column","min_height":{"unit":"px","size":400,"sizes":[]},"background_background":"classic","background_image":{"url":"https:\/\/dev-mbombesite.pantheonsite.io\/wp-content\/uploads\/2024\/05\/Unleashing-the-Power-of-Data-Analysis-Services-for-Researchers.jpeg","id":46,"size":"","alt":"","source":"library"},"background_size":"cover","background_overlay_background":"gradient","background_overlay_color":"#292020FA","background_overlay_color_stop":{"unit":"%","size":3,"sizes":[]},"background_overlay_color_b":"#000000","margin":{"unit":"px","top":"100","right":"0","bottom":"0","left":"0","isLinked":false},"padding":{"unit":"px","top":"100","right":"100","bottom":"100","left":"100","isLinked":true},"boxed_width_tablet":{"unit":"px","size":500,"sizes":[]},"margin_tablet":{"unit":"px","top":"060","right":"010","bottom":"0","left":"10","isLinked":false}},"elements":[{"id":"2a39b075","settings":{"title":"Je vous guide","header_size":"h1","align":"center","title_color":"#FFC700","typography_typography":"custom","typography_font_family":"Work Sans","typography_font_size":{"unit":"px","size":22,"sizes":[]},"typography_font_weight":"600","typography_text_transform":"uppercase","typography_line_height":{"unit":"px","size":23,"sizes":[]},"typography_word_spacing":{"unit":"px","size":4,"sizes":[]},"_margin":{"unit":"px","top":"0","right":"0","bottom":"0","left":"0","isLinked":true},"_padding":{"unit":"px","top":"1","right":"1","bottom":"1","left":"1","isLinked":true},"typography_font_size_mobile":{"unit":"px","size":17,"sizes":[]}},"elements":[],"isInner":false,"widgetType":"heading","elType":"widget"},{"id":"15a8404e","settings":{"title":"Decouvrir les projets rescents","align":"center","title_color":"#FCFCFC","typography_typography":"custom","typography_font_family":"Work Sans","typography_font_size":{"unit":"px","size":40,"sizes":[]},"typography_font_weight":"700","typography_font_size_mobile":{"unit":"px","size":16,"sizes":[]}},"elements":[],"isInner":false,"widgetType":"heading","elType":"widget"},{"id":"7fd21a46","settings":{"text":"Mes services","typography_typography":"custom","typography_font_family":"Roboto","typography_font_size":{"unit":"px","size":18,"sizes":[]},"typography_font_weight":"400","button_text_color":"#020101","background_color":"#FFC700","_element_width":"inherit","_flex_align_self":"stretch","align":"center","hover_color":"#FFFFFF","border_radius":{"unit":"px","top":"30","right":"30","bottom":"30","left":"30","isLinked":true},"text_padding":{"unit":"px","top":"15","right":"20","bottom":"15","left":"20","isLinked":false},"typography_font_size_mobile":{"unit":"px","size":15,"sizes":[]},"border_radius_mobile":{"unit":"px","top":"020","right":"020","bottom":"020","left":"020","isLinked":true},"text_padding_mobile":{"unit":"px","top":"12","right":"12","bottom":"12","left":"12","isLinked":true}},"elements":[],"isInner":false,"widgetType":"button","elType":"widget"}],"isInner":false,"elType":"container"}],"settings":{"template":"elementor_header_footer"},"metadata":[]}