{"content":[{"id":"adc41ea","settings":{"flex_direction":"column","boxed_width":{"unit":"px","size":615,"sizes":[]},"min_height":{"unit":"px","size":400,"sizes":[]},"background_background":"classic","background_color":"#836E6E","background_image":{"url":"https:\/\/dev-mbombesite.pantheonsite.io\/wp-content\/uploads\/2024\/05\/How-to-Use-Business-Credit-For-Business-Growth-_-Business-Credit.jpeg","id":45,"size":"","alt":"","source":"library"},"background_position":"center center","background_size":"cover","background_overlay_background":"gradient","background_overlay_color":"#291717","background_overlay_color_b":"#0E0306"},"elements":[{"id":"3ebce6de","settings":{"title":"Travaillons ensemble","align":"center","title_color":"#FFC700","typography_typography":"custom","typography_font_family":"Roboto","typography_font_weight":"600","typography_letter_spacing":{"unit":"px","size":4.4,"sizes":[]},"_margin":{"unit":"px","top":"140","right":"0","bottom":"0","left":"0","isLinked":false}},"elements":[],"isInner":false,"widgetType":"heading","elType":"widget"},{"id":"3031e5de","settings":{"title":"Contactez moi","header_size":"h1","align":"center","title_color":"#FFFDFD","typography_typography":"custom","typography_font_family":"Roboto","typography_font_size":{"unit":"px","size":40,"sizes":[]},"typography_font_weight":"600"},"elements":[],"isInner":false,"widgetType":"heading","elType":"widget"},{"id":"52c530d2","settings":{"width":{"unit":"%","size":25,"sizes":[]},"align":"center","text":"S\u00e9parateur","color":"#FFC700","weight":{"unit":"px","size":4,"sizes":[]}},"elements":[],"isInner":false,"widgetType":"divider","elType":"widget"}],"isInner":false,"elType":"container"},{"id":"524af926","settings":{"flex_direction":"row","flex_gap":{"unit":"px","size":0,"column":"0","row":"0"},"margin":{"unit":"px","top":"0100","right":"0","bottom":"0","left":"0","isLinked":false}},"elements":[{"id":"678af4dc","settings":{"flex_direction":"column","content_width":"full","width":{"unit":"%","size":"50"},"margin":{"unit":"px","top":"0","right":"50","bottom":"0","left":"0","isLinked":false}},"elements":[{"id":"1d0c6238","settings":{"title":"Mes bureaux","align":"left","title_color":"#FFC700","typography_typography":"custom","typography_font_family":"Roboto","typography_font_weight":"600","typography_letter_spacing":{"unit":"px","size":4.4,"sizes":[]},"_margin":{"unit":"px","top":"35","right":"0","bottom":"0","left":"0","isLinked":false}},"elements":[],"isInner":false,"widgetType":"heading","elType":"widget"},{"id":"3b2aa4da","settings":{"title":"Parlez moi de vos projets","align":"left","title_color":"#323232","typography_typography":"custom","typography_font_family":"Roboto","typography_font_size":{"unit":"px","size":40,"sizes":[]},"typography_font_weight":"600"},"elements":[],"isInner":false,"widgetType":"heading","elType":"widget"},{"id":"70e92e3b","settings":{"width":{"unit":"%","size":27,"sizes":[]},"text":"S\u00e9parateur","color":"#FFC700","weight":{"unit":"px","size":4.1,"sizes":[]}},"elements":[],"isInner":false,"widgetType":"divider","elType":"widget"},{"id":"4e4a362a","settings":{"icon_list":[{"text":"784055367","_id":"ae2ecd4","selected_icon":{"value":"fas fa-phone-alt","library":"fa-solid"}},{"_id":"315f426","text":"Simplon,Senegal","selected_icon":{"value":"fas fa-map-marker-alt","library":"fa-solid"}},{"text":"ndeyecisse@78gmail.com","_id":"74cfbba","selected_icon":{"value":"fas fa-envelope","library":"fa-solid"}}],"__globals__":{"icon_color":"globals\/colors?id=211dfde"},"space_between":{"unit":"px","size":8,"sizes":[]}},"elements":[],"isInner":false,"widgetType":"icon-list","elType":"widget"}],"isInner":true,"elType":"container"},{"id":"1d275c30","settings":{"flex_direction":"column","content_width":"full","width":{"unit":"%","size":"50"},"margin":{"unit":"px","top":"0","right":"050","bottom":"0","left":"0","isLinked":false}},"elements":[{"id":"5e1a98d","settings":{"address":"London Eye, Londres, Royaume-Uni","zoom":{"unit":"px","size":15,"sizes":[]},"height":{"unit":"px","size":350,"sizes":[]},"css_filters_css_filter":"custom","css_filters_saturate":{"unit":"px","size":0,"sizes":[]},"css_filters_hue":{"unit":"px","size":241,"sizes":[]},"css_filters_hover_css_filter":"custom","css_filters_hover_saturate":{"unit":"px","size":143,"sizes":[]},"css_filters_hover_hue":{"unit":"px","size":219,"sizes":[]},"_border_border":"solid","_border_width":{"unit":"px","top":"1","right":"1","bottom":"1","left":"1","isLinked":true},"_border_color":"#FFE7E7","_border_radius":{"unit":"px","top":"40","right":"40","bottom":"40","left":"40","isLinked":true}},"elements":[],"isInner":false,"widgetType":"google_maps","elType":"widget"}],"isInner":true,"elType":"container"}],"isInner":false,"elType":"container"},{"id":"21273deb","settings":{"flex_direction":"column","background_background":"classic","margin":{"unit":"px","top":"0100","right":"0","bottom":"0","left":"0","isLinked":false},"min_height":{"unit":"px","size":400,"sizes":[]},"background_image":{"url":"https:\/\/dev-mbombesite.pantheonsite.io\/wp-content\/uploads\/2024\/05\/Addressing-Marketing-Challenges-with-Confluence-Project-Management.jpeg","id":134,"size":"","alt":"","source":"library"},"background_position":"center center","background_size":"cover","background_overlay_background":"gradient","background_overlay_color":"#1D1D1D","background_overlay_color_b":"#5A212F"},"elements":[{"id":"5a832876","settings":{"title":"Mes bureaux","align":"center","title_color":"#FFC700","typography_typography":"custom","typography_font_family":"Roboto","typography_font_weight":"600","typography_letter_spacing":{"unit":"px","size":4.4,"sizes":[]},"_margin":{"unit":"px","top":"-1","right":"0","bottom":"0","left":"0","isLinked":false}},"elements":[],"isInner":false,"widgetType":"heading","elType":"widget"},{"id":"1a32417","settings":{"title":"Parlez moi de vos projets","align":"center","title_color":"#FFF9F9","typography_typography":"custom","typography_font_family":"Roboto","typography_font_size":{"unit":"px","size":40,"sizes":[]},"typography_font_weight":"600"},"elements":[],"isInner":false,"widgetType":"heading","elType":"widget"},{"id":"23452504","settings":{"width":{"unit":"%","size":17,"sizes":[]},"align":"center","text":"S\u00e9parateur","color":"#FFC700","weight":{"unit":"px","size":4,"sizes":[]}},"elements":[],"isInner":false,"widgetType":"divider","elType":"widget"},{"id":"5e8564d7","settings":{"shortcode":"[contact-form-7 id=\"1da7e47\" title=\"Contact form 1\"]","_margin":{"unit":"px","top":"030","right":"0","bottom":"0","left":"0","isLinked":false},"_element_width":"initial","_element_custom_width":{"unit":"%","size":36},"_flex_align_self":"center","_flex_size":"none"},"elements":[],"isInner":false,"widgetType":"shortcode","elType":"widget"}],"isInner":false,"elType":"container"}],"settings":{"template":"elementor_header_footer","hide_title":"yes"},"metadata":[]}