{"content":[{"id":"6e3fdcfb","settings":{"container_type":"grid","grid_columns_grid":{"unit":"fr","size":"3"},"grid_rows_grid":{"unit":"fr","size":"1"},"grid_rows_grid_mobile":{"unit":"fr","size":"1"},"background_background":"classic","background_color":"#A5A2A2"},"elements":[{"id":"48565ef3","settings":{"title":"Contact","title_color":"#FFC700","align_mobile":"justify"},"elements":[],"isInner":false,"widgetType":"heading","elType":"widget"},{"id":"5742af1c","settings":{"title":"Information","title_color":"#FFC700"},"elements":[],"isInner":false,"widgetType":"heading","elType":"widget"},{"id":"2ee41a9a","settings":{"title":"New Letters","title_color":"#FFC700"},"elements":[],"isInner":false,"widgetType":"heading","elType":"widget"},{"id":"767d432e","settings":{"icon_list":[{"text":"784055378","_id":"ae2ecd4","selected_icon":{"value":"fas fa-phone-alt","library":"fa-solid"}},{"_id":"315f426","text":"ndeye@gmail.com","selected_icon":{"value":"fas fa-envelope","library":"fa-solid"}},{"text":"Site pensee pour obtenir des clients","_id":"74cfbba","selected_icon":{"value":"fas fa-location-arrow","library":"fa-solid"}}],"__globals__":{"icon_color":"globals\/colors?id=211dfde"},"view":"","icon_align_mobile":"left","divider":"yes","_margin_mobile":{"unit":"px","top":"8","right":"8","bottom":"8","left":"8","isLinked":true},"_element_width_mobile":"initial","_element_custom_width_mobile":{"unit":"px","size":449,"sizes":[]},"_flex_size_mobile":"shrink"},"elements":[],"isInner":false,"widgetType":"icon-list","elType":"widget"},{"id":"24169b15","settings":{"icon_list":[{"text":"784055378","_id":"ae2ecd4","selected_icon":{"value":"fas fa-phone-alt","library":"fa-solid"}},{"_id":"315f426","text":"ndeye@gmail.com","selected_icon":{"value":"fas fa-envelope","library":"fa-solid"}},{"text":"Site pensee pour obtenir des clients","_id":"74cfbba","selected_icon":{"value":"fas fa-location-arrow","library":"fa-solid"}}],"__globals__":{"icon_color":"globals\/colors?id=211dfde"},"space_between_mobile":{"unit":"px","size":4,"sizes":[]}},"elements":[],"isInner":false,"widgetType":"icon-list","elType":"widget"},{"id":"703d0c6c","settings":{"icon_list":[{"text":"784055378","_id":"ae2ecd4","selected_icon":{"value":"fas fa-phone-alt","library":"fa-solid"}},{"_id":"315f426","text":"ndeye@gmail.com","selected_icon":{"value":"fas fa-envelope","library":"fa-solid"}},{"text":"Site pensee pour obtenir des clients","_id":"74cfbba","selected_icon":{"value":"fas fa-location-arrow","library":"fa-solid"}}],"__globals__":{"icon_color":"globals\/colors?id=211dfde"}},"elements":[],"isInner":false,"widgetType":"icon-list","elType":"widget"}],"isInner":false,"elType":"container"}],"settings":{"template":"default"},"metadata":{"ehf_target_include_locations":"a:2:{s:4:\"rule\";a:1:{i:0;s:12:\"basic-global\";}s:8:\"specific\";a:0:{}}","ehf_target_exclude_locations":"a:0:{}","ehf_target_user_roles":"a:1:{i:0;s:3:\"all\";}","ehf_template_type":"type_footer"}}