{"content":[{"id":"4fc18648","settings":{"flex_direction":"row","flex_gap":{"unit":"px","size":0,"column":"0","row":"0"},"background_background":"classic","background_color":"#02010100","margin":{"unit":"px","top":"0","right":"0","bottom":"-100","left":"0","isLinked":false},"padding":{"unit":"px","top":"0","right":"020","bottom":"0","left":"020","isLinked":false}},"elements":[{"id":"6181e32d","settings":{"flex_direction":"column","content_width":"full","width":{"unit":"%","size":"25"}},"elements":[{"id":"7737dd65","settings":{"image":{"url":"https:\/\/dev-mbombesite.pantheonsite.io\/wp-content\/uploads\/2024\/05\/INSPIRATION-Top-50-Logo-esthetique-et-beaute-.jpeg","id":100,"size":"","alt":"","source":"library"},"align":"center","width":{"unit":"%","size":79,"sizes":[]},"space":{"unit":"%","size":100,"sizes":[]},"height":{"unit":"px","size":35,"sizes":[]},"_margin":{"unit":"px","top":"14","right":"0","bottom":"0","left":"0","isLinked":false},"link_to":"custom","link":{"url":"https:\/\/dev-mbombesite.pantheonsite.io\/","is_external":"","nofollow":"","custom_attributes":""},"_margin_mobile":{"unit":"px","top":"0","right":"0","bottom":"-19","left":"-260","isLinked":false},"_padding_mobile":{"unit":"px","top":"0","right":"0","bottom":"0","left":"0","isLinked":true}},"elements":[],"isInner":false,"widgetType":"image","elType":"widget"}],"isInner":true,"elType":"container"},{"id":"7125b762","settings":{"flex_direction":"column","content_width":"full","width":{"unit":"%","size":"50"}},"elements":[{"id":"7030b496","settings":{"menu":"menu-principal","padding_horizontal_menu_item":{"unit":"px","size":27,"sizes":[]},"padding_vertical_menu_item":{"unit":"px","size":23,"sizes":[]},"menu_space_between":{"unit":"px","size":0,"sizes":[]},"menu_row_space":{"unit":"px","size":7,"sizes":[]},"color_menu_item":"#A39A9A","color_menu_item_hover":"#FFC700","resp_align":"","_z_index":100,"menu_typography_typography":"custom","menu_typography_font_family":"Roboto","menu_typography_font_weight":"600","_margin_tablet":{"unit":"px","top":"13","right":"0","bottom":"0","left":"0","isLinked":false},"padding_horizontal_menu_item_mobile":{"unit":"px","size":27,"sizes":[]},"padding_vertical_menu_item_mobile":{"unit":"px","size":20,"sizes":[]},"menu_space_between_mobile":{"unit":"px","size":13,"sizes":[]},"menu_row_space_mobile":{"unit":"px","size":20,"sizes":[]},"toggle_color":"#463E3E","toggle_border_width_mobile":{"unit":"px","size":0,"sizes":[]}},"elements":[],"isInner":false,"widgetType":"navigation-menu","elType":"widget"}],"isInner":true,"elType":"container"},{"id":"6cc52943","settings":{"flex_direction":"column","content_width":"full","width":{"unit":"%","size":"25"}},"elements":[{"id":"73dc6369","settings":{"text":"Demarrer mon projet","align":"justify","button_text_color":"#090000","background_color":"#FFC700","hover_color":"#FFFFFF","border_radius":{"unit":"px","top":"30","right":"30","bottom":"30","left":"30","isLinked":true},"text_padding":{"unit":"px","top":"018","right":"15","bottom":"018","left":"015","isLinked":false},"_margin":{"unit":"px","top":"0","right":"0","bottom":"0","left":"36","isLinked":false},"align_tablet":"justify","typography_typography":"custom","typography_font_family":"Roboto","typography_font_size_tablet":{"unit":"px","size":12,"sizes":[]},"typography_font_weight":"500","border_radius_tablet":{"unit":"px","top":"33","right":"33","bottom":"33","left":"33","isLinked":true},"text_padding_tablet":{"unit":"px","top":"9","right":"9","bottom":"9","left":"10","isLinked":false},"text_padding_mobile":{"unit":"px","top":"16","right":"16","bottom":"17","left":"16","isLinked":false},"_margin_tablet":{"unit":"px","top":"11","right":"12","bottom":"11","left":"0","isLinked":false},"_margin_mobile":{"unit":"px","top":"0","right":"0","bottom":"0","left":"-7","isLinked":false},"_padding_tablet":{"unit":"px","top":"7","right":"7","bottom":"7","left":"7","isLinked":true},"_padding_mobile":{"unit":"px","top":"0","right":"0","bottom":"7","left":"-27","isLinked":false}},"elements":[],"isInner":false,"widgetType":"button","elType":"widget"}],"isInner":true,"elType":"container"}],"isInner":false,"elType":"container"}],"settings":{"template":"elementor_header_footer"},"metadata":{"ehf_target_include_locations":"a:2:{s:4:\"rule\";a:1:{i:0;s:8:\"page|all\";}s:8:\"specific\";a:0:{}}","ehf_target_exclude_locations":"a:0:{}","ehf_target_user_roles":"a:1:{i:0;s:3:\"all\";}","ehf_template_type":"type_header"}}